fid.x,area_code,farmland_total_by_kcity,fid.y,tunami_farmland_total_by_kcity,tsunami_farmland_share
1,203-02,36.7245100016209,2,34.7059551375558,0.95
2,103-05,25.6733806491252,1,22.6291851061244,0.88
3,215-11,52.0819682833265,NA,NA,NA
4,322-04,19.5023496156099,NA,NA,NA
5,213-05,101.189498713961,NA,NA,NA
6,581-00,49.2934969534504,3,17.0408955260511,0.35
7,215-12,302.567669365339,NA,NA,NA
8,215-17,294.241245082999,NA,NA,NA
9,421-01,69.1030188164679,NA,NA,NA
10,213-11,131.248795868082,NA,NA,NA
11,505-01,269.159019463925,NA,NA,NA
12,202-04,111.695396950942,4,111.695396950942,1
13,505-05,316.263711841919,NA,NA,NA
14,505-02,315.194094243297,NA,NA,NA
15,101-02,22.4985809516365,NA,NA,NA
16,213-08,424.269141819656,NA,NA,NA
17,445-01,170.87166986756,NA,NA,NA
18,103-02,5.06133028794527,NA,NA,NA
19,212-04,543.436664155761,NA,NA,NA
20,213-04,400.659581671268,NA,NA,NA
21,215-02,178.102444714285,NA,NA,NA
22,361-02,288.76900451206,5,285.725507602692,0.99
23,212-01,200.750880941728,NA,NA,NA
24,202-20,89.3843442970315,26,7.71624962658318,0.09
25,215-16,224.814490738648,NA,NA,NA
26,208-05,426.44289428095,NA,NA,NA
27,214-04,131.540457520359,6,114.354793572908,0.87
28,211-01,128.969810525898,7,0.300348369361724,0
29,215-14,314.931369336568,NA,NA,NA
30,361-01,242.476059081807,8,126.070435760399,0.52
31,215-08,709.509576288931,NA,NA,NA
32,205-06,187.712083248108,9,71.8416139214294,0.38
33,213-03,377.390138678468,NA,NA,NA
34,202-12,565.025097469073,10,56.7234297452316,0.1
35,341-04,418.570642953097,NA,NA,NA
36,215-01,132.16507408679,NA,NA,NA
37,206-07,337.400392837825,NA,NA,NA
38,341-02,300.040009151626,NA,NA,NA
39,205-01,86.5451560839175,11,1.54388932871802,0.02
40,202-02,430.927333651288,12,317.486491741024,0.74
41,213-15,496.261652835898,NA,NA,NA
42,213-17,454.946151962499,NA,NA,NA
43,207-02,600.837769382253,13,568.506771981497,0.95
44,505-03,799.511582837782,NA,NA,NA
45,445-03,804.523540025823,NA,NA,NA
46,215-06,751.706883867105,NA,NA,NA
47,213-27,550.941092273183,NA,NA,NA
48,422-03,519.23024076921,NA,NA,NA
49,505-04,670.980198524108,NA,NA,NA
50,205-04,409.992762031001,14,206.442574278774,0.5
51,207-04,674.423727382334,15,466.818067335063,0.69
52,213-25,573.544810189714,NA,NA,NA
53,321-02,453.323999721765,NA,NA,NA
54,214-02,868.25594695017,16,342.624126128461,0.39
55,104-03,286.645684726155,17,96.0975697273138,0.34
56,215-10,841.491773271458,NA,NA,NA
57,207-01,489.292102771351,18,90.874635559677,0.19
58,202-11,1006.09769608258,NA,NA,NA
59,207-03,526.480594858527,19,519.829571738759,0.99
60,206-01,202.860372845213,NA,NA,NA
61,215-05,691.02258078771,NA,NA,NA
62,213-01,522.687019399739,NA,NA,NA
63,214-03,433.553676671082,NA,NA,NA
64,212-10,1151.0480906207,NA,NA,NA
65,212-12,839.816504399589,NA,NA,NA
66,102-02,430.566488118806,NA,NA,NA
67,323-02,217.392337538458,NA,NA,NA
68,404-00,186.107754794657,20,171.94768123858,0.92
69,215-07,931.541891099323,NA,NA,NA
70,213-16,982.55928350559,NA,NA,NA
71,321-01,334.194211801166,NA,NA,NA
72,213-09,943.12342498359,NA,NA,NA
73,215-04,904.769029271645,NA,NA,NA
74,203-01,10.9495619596826,21,1.01135714805126,0.09
75,215-26,1094.25676771135,NA,NA,NA
76,202-15,961.060658563192,22,355.311808386981,0.37
77,206-03,288.794259622576,NA,NA,NA
78,206-02,403.474351348874,NA,NA,NA
79,214-05,367.845456800533,23,253.752308247787,0.69
80,213-20,448.655618778347,NA,NA,NA
81,322-03,254.859392849319,NA,NA,NA
82,104-01,68.8567706053615,24,3.03800949155092,0.04
83,202-13,565.924595637966,NA,NA,NA
84,341-07,291.968320141563,NA,NA,NA
85,213-24,575.46178604966,NA,NA,NA
86,341-05,567.68191723507,NA,NA,NA
87,213-06,1018.00365389537,NA,NA,NA
88,322-02,710.077198017547,NA,NA,NA
89,102-01,1.35514819220592,NA,NA,NA
90,208-02,823.557257449991,NA,NA,NA
91,101-05,92.4569509650533,NA,NA,NA
92,212-09,1282.46028960691,NA,NA,NA
93,205-09,252.103358096616,25,165.660035262698,0.66
94,213-07,794.711798643138,NA,NA,NA
95,104-02,168.869240396412,NA,NA,NA
96,215-03,1409.91030818341,NA,NA,NA
97,208-04,476.012496810373,NA,NA,NA
98,213-21,693.514106126725,NA,NA,NA
99,202-14,1138.70251913888,NA,NA,NA
100,209-00,412.06635115371,27,55.7342653790819,0.14
101,341-06,376.448723198587,NA,NA,NA
102,212-11,1463.0921802945,NA,NA,NA
103,205-10,495.24984755988,28,179.992225148484,0.36
104,212-15,1244.36311796347,NA,NA,NA
105,103-03,1096.67461831169,29,1022.02361243012,0.93
106,206-04,429.729400033394,NA,NA,NA
107,215-20,344.825778867549,NA,NA,NA
108,202-17,1413.39962558738,NA,NA,NA
109,103-04,1021.94128095547,30,955.134922964083,0.93
110,208-06,1026.24634147551,NA,NA,NA
111,213-12,1271.98995977011,NA,NA,NA
112,212-03,1356.11587141677,NA,NA,NA
113,202-09,1254.62477211414,NA,NA,NA
114,215-13,966.482844359039,NA,NA,NA
115,202-01,49.5206535227399,31,48.5110243407826,0.98
116,445-06,1048.48641933546,NA,NA,NA
117,208-03,873.255158340336,NA,NA,NA
118,211-02,674.955318395172,NA,NA,NA
119,202-07,576.579871484552,32,110.934295015645,0.19
120,212-07,595.867271754434,NA,NA,NA
121,421-05,853.448571928946,NA,NA,NA
122,202-16,962.587922108342,NA,NA,NA
123,213-18,1155.84987813226,NA,NA,NA
124,361-03,1500.74296822386,33,1160.65435977337,0.77
125,207-05,671.332968689119,NA,NA,NA
126,215-28,1450.04108665992,NA,NA,NA
127,212-16,1704.92553235024,NA,NA,NA
128,206-05,467.661050570486,NA,NA,NA
129,422-02,862.796181059252,NA,NA,NA
130,214-01,1343.11686533208,34,862.538113726664,0.64
131,202-03,1.0100530480504,35,1.0100530480504,1
132,215-09,1435.90387728736,NA,NA,NA
133,215-27,1798.60640461124,NA,NA,NA
134,202-18,412.167932675271,36,358.758626957088,0.87
135,102-03,718.227103146691,37,608.471883794653,0.85
136,207-06,578.195868644394,NA,NA,NA
137,362-01,915.649458343339,38,346.159688777123,0.38
138,208-01,973.910053145485,NA,NA,NA
139,214-06,823.240491668359,39,280.074452466784,0.34
140,213-22,1914.7092787878,NA,NA,NA
141,213-19,730.130140099298,NA,NA,NA
142,211-03,1420.40484870178,40,1407.22173688882,0.99
143,212-18,296.006173839955,NA,NA,NA
144,213-28,2420.87109123424,NA,NA,NA
145,212-14,2534.46700327599,NA,NA,NA
146,421-04,878.703169381037,NA,NA,NA
147,212-13,1735.43665290609,NA,NA,NA
148,361-04,1846.57290603577,41,862.551343950563,0.47
149,208-07,1019.34721835462,NA,NA,NA
150,202-19,215.519724313234,42,103.30710963684,0.48
151,213-02,1493.44073108123,NA,NA,NA
152,212-02,1785.39785515474,NA,NA,NA
153,215-15,1303.24738118673,NA,NA,NA
154,213-13,1071.57219980214,NA,NA,NA
155,205-03,611.866288609984,43,68.9192740665149,0.11
156,202-06,543.740898920509,44,304.865301580741,0.56
157,101-01,12.4784563788122,NA,NA,NA
158,215-19,1308.38011704437,NA,NA,NA
159,324-02,534.047334669101,NA,NA,NA
160,215-22,1164.52982620646,NA,NA,NA
161,362-02,1272.89644510152,45,687.592023731225,0.54
162,202-21,75.9848373109336,46,58.6133780834887,0.77
163,213-23,710.787508725589,NA,NA,NA
164,606-01,366.300294841814,47,152.00563531282,0.41
165,212-19,249.448205718836,NA,NA,NA
166,501-02,1946.67375649809,NA,NA,NA
167,505-06,3344.80382019196,NA,NA,NA
168,606-04,549.983630792834,48,133.868745961845,0.24
169,104-04,471.718568781909,NA,NA,NA
170,212-17,3184.72077587364,NA,NA,NA
171,323-01,1205.85339071601,NA,NA,NA
172,606-03,536.577978319298,49,12.4069476864648,0.02
173,213-26,1310.22015606816,NA,NA,NA
174,205-07,414.277040682445,50,84.0944108354321,0.2
175,105-01,409.13275262468,NA,NA,NA
176,205-02,222.787125907265,51,33.5628672183041,0.15
177,501-01,1905.88615978204,NA,NA,NA
178,212-08,512.201889885416,NA,NA,NA
179,406-00,610.552299946649,52,1.01068257094622,0
180,606-02,412.238258412875,53,240.350825616704,0.58
181,445-02,1497.94539096827,NA,NA,NA
182,202-08,661.305411517477,54,613.910174194659,0.93
183,202-10,43.3735695827723,55,12.1033695140362,0.28
184,212-05,1017.9916546574,NA,NA,NA
185,422-01,1280.82935399742,NA,NA,NA
186,322-01,1250.5103287439,NA,NA,NA
187,423-00,953.158922336692,NA,NA,NA
188,215-21,1167.52052945696,NA,NA,NA
189,421-02,559.695205422018,NA,NA,NA
190,401-00,1281.06864823679,56,151.159688989248,0.12
191,215-18,2446.93053152526,NA,NA,NA
192,202-05,1050.74403158652,57,562.175042041644,0.54
193,215-24,712.336532721538,NA,NA,NA
194,301-02,2106.38467378839,NA,NA,NA
195,424-00,1870.06988781056,NA,NA,NA
196,341-01,930.004938407055,NA,NA,NA
197,341-03,1120.86937410432,NA,NA,NA
198,205-08,800.787816870921,58,88.317797911495,0.11
199,212-06,579.269104867619,NA,NA,NA
200,101-03,412.227799993973,NA,NA,NA
201,215-23,214.154788147299,NA,NA,NA
202,341-08,767.233853645834,NA,NA,NA
203,205-05,825.799204562807,NA,NA,NA
204,206-08,411.675844066522,NA,NA,NA
205,213-14,545.029900941503,NA,NA,NA
206,213-10,945.366035937836,NA,NA,NA
207,301-01,1421.49545171221,NA,NA,NA
208,105-02,1456.79288772129,NA,NA,NA
209,444-00,3740.98348221609,NA,NA,NA
210,206-06,2305.44089803734,NA,NA,NA
211,421-03,866.207076315083,NA,NA,NA
212,104-05,615.045668922882,NA,NA,NA
213,445-05,1341.16507255948,NA,NA,NA
214,213-29,515.801038484463,NA,NA,NA
215,101-04,1306.28501364564,NA,NA,NA
216,215-25,551.313917643559,NA,NA,NA
217,445-04,3430.78433078732,NA,NA,NA
218,324-01,2114.54996296288,NA,NA,NA
219,302-00,795.459639593368,NA,NA,NA
